time_s,dt_s,speed_kmh,signed_forward_speed_mps,steer_input,throttle_input,brake_input,reverse_input,gear,rpm,displayed_rpm,clutch_engagement,clutch_is_locked,classic_drive_force_request_n,classic_engine_brake_force_request_n,classic_service_brake_force_request_n,limiter_torque_multiplier,rev_limiter_active,road_wheel_deg,yaw_rate_deg_s,yaw_accel_deg_s2,beta_deg,fl_local_u,fr_local_u,rl_local_u,rr_local_u,fl_local_v,fr_local_v,rl_local_v,rr_local_v,fl_slip_deg,fr_slip_deg,rl_slip_deg,rr_slip_deg,fl_slip_target_fy_n,fr_slip_target_fy_n,rl_slip_target_fy_n,rr_slip_target_fy_n,fl_rolling_constraint_fy_n,fr_rolling_constraint_fy_n,rl_rolling_constraint_fy_n,rr_rolling_constraint_fy_n,fl_rolling_blend,fr_rolling_blend,rl_rolling_blend,rr_rolling_blend,fl_low_speed_scale,fr_low_speed_scale,rl_low_speed_scale,rr_low_speed_scale,fl_target_fy_n,fr_target_fy_n,rl_target_fy_n,rr_target_fy_n,fl_relaxed_fy_n,fr_relaxed_fy_n,rl_relaxed_fy_n,rr_relaxed_fy_n,fl_final_fy_n,fr_final_fy_n,rl_final_fy_n,rr_final_fy_n,fl_local_right_force_n,fr_local_right_force_n,rl_local_right_force_n,rr_local_right_force_n,fl_drive_side_force_n,fr_drive_side_force_n,rl_drive_side_force_n,rr_drive_side_force_n,fl_requested_longitudinal_force_n,fr_requested_longitudinal_force_n,rl_requested_longitudinal_force_n,rr_requested_longitudinal_force_n,fl_rolling_contact_fy_n,fr_rolling_contact_fy_n,rl_rolling_contact_fy_n,rr_rolling_contact_fy_n,fl_rolling_contact_yaw_nm,fr_rolling_contact_yaw_nm,rl_rolling_contact_yaw_nm,rr_rolling_contact_yaw_nm,front_yaw_accel_deg_s2,rear_yaw_accel_deg_s2,natural_yaw_accel_deg_s2
7.34997,0.01667,0.65365,0.16512,-1,1,0,0,1,1130,978.5859,0.03914,0,3935.07,0,-0,1,0,-25.99669,-2.0529,-42.48543,-1.82249,0.11476,0.15933,0.11476,0.15933,-0.09362,-0.09362,-0.01472,-0.01472,0.57007,0.24093,0.24793,0.2478,0.02407,0.00838,0.07893,0.15056,178.225,76.10953,39.24089,39.77544,1,1,1,1,0.00039,0.00073,0.01063,0.02002,178.225,76.10953,39.24089,39.77544,61.11032,26.92695,10.35288,10.44307,61.11032,26.92695,10.35288,10.44307,-807.4812,-838.2059,10.35288,10.44307,-862.4083,-862.4083,0,0,1967.535,1967.535,0,0,0,0,0,0,0,0,0,0,-41.62149,-0.86393,-42.48543
7.36664,0.01667,0.87481,0.22221,-1,1,0,0,1,1206.667,1026.262,0.06759,0,4002.236,0,-0,1,0,-25.99349,-2.69243,-42.46695,-2.49336,0.16283,0.22419,0.16283,0.22419,-0.12836,-0.12836,-0.01975,-0.01975,0.74081,0.28795,0.33248,0.33214,0.0774,0.02262,0.2808,0.52739,227.5917,90.2449,53.40771,54.77412,1,1,1,1,0.00076,0.00139,0.02087,0.03831,227.5917,90.2449,53.40771,54.77412,98.89064,41.62775,17.83176,18.1201,98.89064,41.62775,17.83176,18.1201,-788.1407,-839.6111,17.83176,18.1201,-877.028,-877.028,0,0,2001.118,2001.118,0,0,0,0,0,0,0,0,0,0,-40.9734,-1.49356,-42.46695
7.3833,0.01667,1.09835,0.28052,-1,1,0,0,1,1283.333,1081.358,0.10248,0,4069.402,0,-0,1,0,-25.98918,-3.31337,-42.55919,-3.12846,0.2124,0.29003,0.2124,0.29003,-0.16153,-0.16153,-0.02412,-0.02412,0.87655,0.30402,0.40564,0.40496,0.17414,0.04027,0.69909,1.29398,264.008,94.49144,66.20365,68.79409,1,1,1,1,0.00126,0.00225,0.0346,0.06184,264.008,94.49144,66.20365,68.79409,137.057,54.34547,26.37566,27.03859,137.057,54.34547,26.37566,27.03859,-768.4113,-842.7588,26.37566,27.03859,-891.6087,-891.6087,0,0,2034.701,2034.701,0,0,0,0,0,0,0,0,0,0,-40.34019,-2.219,-42.55919
7.39997,0.01667,1.32427,0.34,-1,1,0,0,1,1360,1142.149,0.14307,0,4136.568,0,-0,1,0,-25.98372,-3.91912,-42.83999,-3.72833,0.26339,0.35685,0.26339,0.35685,-0.1932,-0.1932,-0.02776,-0.02776,0.97892,0.29039,0.46636,0.46521,0.31555,0.05308,1.39549,2.54553,288.945,89.54686,77.31782,81.3894,1,1,1,1,0.00188,0.00328,0.05176,0.09014,288.945,89.54686,77.31782,81.3894,172.6363,63.28463,35.48077,36.71686,172.6363,63.28463,35.48077,36.71686,-750.962,-849.2603,35.48077,36.71686,-906.148,-906.1479,0,0,2068.284,2068.284,0,0,0,0,0,0,0,0,0,0,-39.84066,-2.99933,-42.83999
7.41664,0.01667,1.55259,0.40058,-1,1,0,0,1,1436.667,1207.233,0.18861,0,4203.735,0,-0,1,0,-25.9771,-4.51373,-43.34288,-4.29562,0.31569,0.42463,0.31569,0.42463,-0.22352,-0.22352,-0.03066,-0.03066,1.05128,0.24984,0.5144,0.51263,0.4947,0.05312,2.39127,4.29486,304.4366,76.51335,86.55494,92.17886,1,1,1,1,0.00263,0.00446,0.07222,0.12262,304.4366,76.51335,86.55494,92.17886,203.8464,67.3339,44.69582,46.68818,203.8464,67.3339,44.69582,46.68818,-737.3915,-860.1119,44.69582,46.68818,-920.6431,-920.6431,0,0,2101.867,2101.867,0,0,0,0,0,0,0,0,0,0,-39.54649,-3.79639,-43.34288
7.4333,0.01667,1.78331,0.46216,-1,1,0,0,1,1513.334,1275.507,0.23836,0,4270.901,0,-0,1,0,-25.96929,-5.10124,-44.0679,-4.83435,0.36915,0.49335,0.36915,0.49335,-0.2527,-0.2527,-0.03284,-0.03284,1.0979,0.18606,0.55015,0.54765,0.69977,0.03798,3.66028,6.46332,312.5897,56.65542,93.84953,100.9177,1,1,1,1,0.00348,0.00577,0.09577,0.15867,312.5897,56.65542,93.84953,100.9177,229.8497,65.95174,53.6363,56.52095,229.8497,65.95174,53.6363,56.52095,-728.4496,-875.7986,53.6363,56.52095,-935.0911,-935.0911,0,0,2135.451,2135.451,0,0,0,0,0,0,0,0,0,0,-39.49161,-4.57629,-44.0679
7.44997,0.01667,2.01642,0.52468,-1,1,0,0,1,1590,1346.126,0.29155,0,4338.067,0,-0,1,0,-25.96026,-5.68528,-44.99306,-5.34919,0.42365,0.56297,0.42365,0.56297,-0.28099,-0.28099,-0.03436,-0.03436,1.12336,0.10307,0.57453,0.5712,0.91748,0.01449,5.13499,8.89782,315.3102,31.2462,99.25223,107.5216,1,1,1,1,0.00444,0.00718,0.12213,0.19758,315.3102,31.2462,99.25223,107.5216,250.4878,59.03789,61.99465,65.8417,250.4878,59.03789,61.99465,65.8417,-724.2762,-896.4084,61.99465,65.8417,-949.4893,-949.4893,0,0,2169.033,2169.033,0,0,0,0,0,0,0,0,0,0,-39.68232,-5.31074,-44.99306
7.46664,0.01667,2.25192,0.58805,-1,1,0,0,1,1666.667,1418.454,0.34743,0,4405.234,0,-0,1,0,-25.94999,-6.26888,-46.08729,-5.84494,0.47907,0.63346,0.47907,0.63346,-0.3086,-0.3086,-0.03529,-0.03529,1.13211,0.00487,0.58882,0.58458,1.13565,0.00004,6.72191,11.40568,314.1902,0,102.9046,112.0564,1,1,1,1,0.00549,0.00868,0.15096,0.23857,314.1902,0.00004,102.9046,112.0564,266.0455,46.61922,69.54401,74.35313,266.0455,46.61922,69.54401,74.35313,-724.6135,-921.9164,69.54401,74.35313,-963.8353,-963.8353,0,0,2202.617,2202.617,0,0,0,0,0,0,0,0,0,0,-40.10933,-5.97796,-46.08729
7.4833,0.01667,2.48983,0.65222,-1,1,0,0,1,1743.334,1492.02,0.40527,0,4472.4,0,-0,1,0,-25.93844,-6.85433,-47.3061,-6.32629,0.5353,0.70478,0.5353,0.70478,-0.33575,-0.33575,-0.03572,-0.03572,1.12822,-0.10477,0.59453,0.58933,1.34474,-0.02101,8.32064,13.79411,310.5052,-31.59966,105.0131,114.7101,1,1,1,1,0.00661,0.01021,0.18188,0.2808,310.5052,-31.59966,105.0131,114.7101,277.0656,29.55489,76.13645,81.84421,277.0656,29.55489,76.13645,81.84421,-728.9705,-951.548,76.13645,81.84421,-978.1257,-978.1257,0,0,2236.2,2236.2,0,0,0,0,0,0,0,0,0,0,-40.74306,-6.56303,-47.3061
7.49997,0.01667,2.73014,0.71715,-1,1,0,0,1,1820.001,1566.477,0.46431,0,4539.567,0,-0,1,0,-25.9256,-7.44319,-48.61628,-6.79733,0.59227,0.77691,0.59227,0.77691,-0.36261,-0.36261,-0.03573,-0.03573,1.11505,-0.22268,0.59323,0.58704,1.53777,-0.10783,9.83894,15.89946,305.1807,-67.11555,105.8106,115.7401,1,1,1,1,0.0078,0.01176,0.21447,0.32339,305.1807,-67.11555,105.8106,115.7401,284.2025,8.14212,81.69474,88.18932,284.2025,8.14212,81.69474,88.18932,-736.7567,-985.0351,81.69474,88.18932,-992.3578,-992.3578,0,0,2269.783,2269.783,0,0,0,0,0,0,0,0,0,0,-41.55873,-7.05754,-48.61628
7.51664,0.01667,2.97292,0.7828,-1,1,0,0,1,1896.667,1641.574,0.5238,0,4606.733,0,-0,1,0,-25.91144,-8.03647,-49.98543,-7.26166,0.64993,0.84984,0.64993,0.84984,-0.38933,-0.38933,-0.03543,-0.03543,1.09537,-0.34613,0.58649,0.57929,1.71039,-0.29044,11.20582,17.6086,298.9014,-104.3746,105.5481,115.4505,1,1,1,1,0.00903,0.01329,0.24829,0.36538,298.9014,-104.3746,105.5481,115.4505,288.1316,-17.02414,86.2028,93.34201,288.1316,-17.02414,86.2028,93.34201,-747.3625,-1021.841,86.2028,93.34201,-1006.528,-1006.528,0,0,2303.367,2303.367,0,0,0,0,0,0,0,0,0,0,-42.52655,-7.45888,-49.98543
7.5333,0.01667,3.21821,0.84917,-1,1,0,0,1,1973.334,1717.127,0.58299,0,4673.899,0,-0,1,0,-25.89593,-8.63467,-51.38737,-7.72226,0.70825,0.92355,0.70825,0.92355,-0.41604,-0.41604,-0.0349,-0.0349,1.07133,-0.47295,0.57579,0.56758,1.86005,-0.59439,12.37602,18.86273,292.1295,-142.8518,104.472,114.1527,1,1,1,1,0.01029,0.01475,0.28286,0.40576,292.1295,-142.8518,104.472,114.1527,289.4878,-45.35628,89.69428,97.32312,289.4878,-45.35628,89.69428,97.32312,-760.2144,-1061.436,89.69428,97.32312,-1020.634,-1020.634,0,0,2336.95,2336.95,0,0,0,0,0,0,0,0,0,0,-43.61806,-7.76932,-51.38737
7.54997,0.01667,3.46603,0.91625,-1,1,0,0,1,2050.001,1793.006,0.64113,0,4738.51,0,-0,1,0,-25.87903,-9.23769,-52.77426,-8.18149,0.76722,0.99803,0.76722,0.99803,-0.44282,-0.44282,-0.03421,-0.03421,1.04446,-0.60149,0.56241,0.55321,1.98521,-1.0376,13.32927,19.65088,285.1488,-182.1808,102.8105,112.1406,1,1,1,1,0.01155,0.01613,0.31771,0.44346,285.1488,-182.1808,102.8105,112.1406,288.831,-76.3116,92.24035,100.2059,288.831,-76.3116,92.24035,100.2059,-774.2483,-1102.774,92.24035,100.2059,-1034.115,-1034.115,0,0,2369.255,2369.255,0,0,0,0,0,0,0,0,0,0,-44.77941,-7.99485,-52.77426
7.56664,0.01667,3.71581,0.98387,-1,1,0,0,1,2126.667,1869.116,0.69747,0,4788.884,0,-0,1,0,-25.86074,-9.84315,-54.00386,-8.63982,0.82677,1.07321,0.82677,1.07321,-0.46967,-0.46967,-0.03342,-0.03342,1.01533,-0.73077,0.5473,0.53712,2.08272,-1.62876,14.05473,19.98168,277.9844,-222.1951,100.7313,109.6376,1,1,1,1,0.01281,0.01736,0.35227,0.47732,277.9844,-222.1951,100.7313,109.6376,286.6091,-109.4256,93.93403,102.0959,286.6091,-109.4256,93.93403,102.0959,-786.5132,-1142.888,93.93403,102.0959,-1044.42,-1044.42,0,0,2394.442,2394.442,0,0,0,0,0,0,0,0,0,0,-45.86014,-8.14373,-54.00386
7.5833,0.01667,3.96754,1.05203,-1,1,0,0,1,2203.334,1945.389,0.75126,0,4839.26,0,-0,1,0,-25.84107,-10.45035,-55.22863,-9.0967,0.88683,1.14892,0.88683,1.14892,-0.49655,-0.49655,-0.03257,-0.03257,0.98395,-0.86032,0.53109,0.51997,2.14829,-2.36595,14.54987,19.87951,270.5175,-262.8579,98.35786,106.81,1,1,1,1,0.01404,0.0184,0.38596,0.50611,270.5175,-262.8579,98.35786,106.81,283.1318,-144.3351,94.87423,103.1111,283.1318,-144.3351,94.87423,103.1111,-799.8392,-1184.562,94.87423,103.1111,-1054.66,-1054.66,0,0,2419.63,2419.63,0,0,0,0,0,0,0,0,0,0,-47.00367,-8.22496,-55.22863
7.59997,0.01667,4.22129,1.12074,-1,1,0,0,1,2280,2021.779,0.80175,0,4889.634,0,-0,1,0,-25.82,-11.05915,-56.44669,-9.55312,0.94742,1.22522,0.94742,1.22522,-0.52348,-0.52348,-0.03169,-0.03169,0.95073,-0.98953,0.51449,0.50247,2.18068,-3.23311,14.83536,19.39968,262.7607,-304.092,95.82909,103.8326,1,1,1,1,0.01521,0.01922,0.41823,0.52864,262.7607,-304.092,95.82909,103.8326,278.6326,-180.7476,95.16757,103.3803,278.6326,-180.7476,95.16757,103.3803,-814.0129,-1227.532,95.16757,103.3803,-1064.829,-1064.829,0,0,2444.817,2444.817,0,0,0,0,0,0,0,0,0,0,-48.19835,-8.24833,-56.44669
7.61664,0.01667,4.4752,1.18954,-1,1,0,0,1,2153.334,2073.168,0.84819,0,4873.208,0,-0,1,0,-25.79751,-11.66323,-56.9184,-10.00973,1.00854,1.30208,1.00854,1.30208,-0.55048,-0.55048,-0.03083,-0.03083,0.91614,-1.11778,0.49802,0.48511,2.18008,-4.19759,14.93388,18.596,254.7521,-345.7946,93.25017,100.8347,1,1,1,1,0.01631,0.01977,0.44847,0.54368,254.7521,-345.7946,93.25017,100.8347,273.2961,-218.418,94.922,103.0348,273.2961,-218.418,94.922,103.0348,-814.3317,-1257.04,94.922,103.0348,-1060.39,-1060.39,0,0,2436.604,2436.604,0,0,0,0,0,0,0,0,0,0,-48.69463,-8.22378,-56.9184
7.6333,0.01667,4.72365,1.25698,-1,1,0,0,1,2026.667,2099.558,0.88983,0,4789.98,0,-0,1,0,-25.77411,-12.24442,-56.65459,-10.44825,1.069,1.37785,1.069,1.37785,-0.57658,-0.57658,-0.02983,-0.02983,0.87435,-1.24771,0.4796,0.46594,2.11631,-5.2343,14.70555,17.34509,244.7833,-388.8028,90.22847,97.39911,1,1,1,1,0.01729,0.02,0.47555,0.54987,244.7833,-388.8028,90.22847,97.39911,266.9775,-257.2939,94.18012,102.1342,266.9775,-257.2939,94.18012,102.1342,-800.9822,-1273.097,94.18012,102.1342,-1041.4,-1041.4,0,0,2394.99,2394.99,0,0,0,0,0,0,0,0,0,0,-48.49905,-8.15554,-56.65459
7.64997,0.01667,4.96645,1.32299,-1,1,0,0,1,1900.001,2033.844,0.92593,0,4698.722,0,-0,1,0,-25.75005,-12.80278,-56.30353,-10.86401,1.12839,1.45197,1.12839,1.45197,-0.60152,-0.60152,-0.0287,-0.0287,0.82455,-1.37932,0.459,0.44476,1.98669,-8.12764,14.1416,15.87279,232.5675,-430.6851,86.71224,92.92694,1,0.99421,1,0.99421,0.01814,0.02567,0.49889,0.5526,232.5675,-428.2404,86.71224,92.48115,259.3505,-296.7017,92.93726,100.5718,259.3505,-296.7017,92.93726,100.5718,-787.0741,-1287.909,92.93726,100.5718,-1020.671,-1020.671,0,0,2349.361,2349.361,0,0,0,0,0,0,0,0,0,0,-48.26452,-8.039,-56.30353
7.66664,0.01667,5.20247,1.38728,-1,1,0,0,1,1773.334,2008.844,0.95572,1,4587.751,0,-0,1,0,-25.72551,-13.33461,-55.68553,-11.25574,1.18652,1.52419,1.18652,1.52419,-0.62519,-0.62519,-0.02743,-0.02743,0.76687,-1.51223,0.43647,0.42184,1.7979,-17.19418,13.28179,14.50039,218.081,-466.3941,82.74195,86.74724,1,0.97384,1,0.97384,0.01884,0.04563,0.51809,0.56177,218.081,-454.6439,82.74195,84.85739,250.1933,-333.7045,91.20201,97.98167,250.1933,-333.7045,91.20201,97.98167,-770.2849,-1296.309,91.20201,97.98167,-995.68,-995.6799,0,0,2293.875,2293.875,0,0,0,0,0,0,0,0,0,0,-47.82622,-7.85931,-55.68553
7.6833,0.01667,5.43162,1.44983,-1,1,0,0,1,1646.667,1958.844,0.97847,1,4476.781,0,-0,1,0,-25.70065,-13.83892,-54.98162,-11.62185,1.24325,1.59429,1.24325,1.59429,-0.6475,-0.6475,-0.02605,-0.02605,0.70083,-1.64668,0.41222,0.39739,1.55805,-34.18975,12.17892,13.17978,201.101,-495.3695,78.35622,79.33609,1,0.94155,1,0.94155,0.01938,0.07728,0.5329,0.5763,201.101,-468.4117,78.35622,75.46899,239.281,-365.766,88.98579,94.18042,239.281,-365.766,88.98579,94.18042,-755.1117,-1300.303,88.98579,94.18042,-970.7211,-970.7212,0,0,2238.39,2238.39,0,0,0,0,0,0,0,0,0,0,-47.37229,-7.60932,-54.98162
7.69997,0.01667,5.65399,1.51065,-1,1,0,0,1,1520,1888.845,0.99341,1,4365.81,0,-0,1,0,-25.67556,-14.31492,-54.17859,-11.96252,1.2986,1.66231,1.2986,1.66231,-0.66843,-0.66843,-0.02456,-0.02456,0.62617,-1.78296,0.38658,0.37177,1.2806,-60.66096,10.90491,11.88298,181.4409,-517.3812,73.63041,71.17728,1,0.8999,1,0.8999,0.01975,0.1181,0.54318,0.59504,181.4409,-471.664,73.63041,65.24199,226.4019,-391.3937,86.31209,89.19877,226.4019,-391.3937,86.31209,89.19877,-741.75,-1298.546,86.31209,89.19877,-945.7974,-945.7974,0,0,2182.905,2182.905,0,0,0,0,0,0,0,0,0,0,-46.88729,-7.2913,-54.17859
7.71664,0.01667,5.86966,1.56978,-1,1,0,0,1,1393.334,1779.956,0.99981,1,4254.84,0,-0,1,0,-25.65033,-14.76194,-53.28598,-12.27756,1.35261,1.72824,1.35261,1.72824,-0.68795,-0.68795,-0.02298,-0.02298,0.54237,-1.92161,0.35974,0.34514,0.98251,-98.06885,9.52266,10.57464,158.9164,-532.7824,68.59775,62.58419,1,0.85117,1,0.85117,0.01996,0.16585,0.54883,0.61697,158.9164,-468.0857,68.59775,54.84381,211.3497,-410.2689,83.21074,83.19655,211.3497,-410.2689,83.21074,83.19655,-730.3911,-1290.751,83.21074,83.19655,-920.9128,-920.9127,0,0,2127.42,2127.42,0,0,0,0,0,0,0,0,0,0,-46.37288,-6.9131,-53.28598
7.7333,0.01667,6.07871,1.62724,-1,1,0,0,1,1266.667,1643.084,1,1,4143.869,0,-0,1,0,-25.62503,-15.17974,-52.33347,-12.56683,1.40532,1.79212,1.40532,1.79212,-0.70605,-0.70605,-0.0213,-0.0213,0.44905,-2.06307,0.33178,0.31758,0.69587,-147.6052,8.09653,9.26975,133.0392,-541.2053,63.25763,54.02943,0.99964,0.79735,0.99964,0.79735,0.02035,0.2186,0.55016,0.64119,132.9913,-461.4404,63.23767,44.95867,193.8614,-423.0659,79.69785,76.43836,193.8614,-423.0659,79.69785,76.43836,-721.2757,-1277.524,79.69785,76.43836,-896.0696,-896.0695,0,0,2071.935,2071.935,0,0,0,0,0,0,0,0,0,0,-45.84706,-6.48641,-52.33347
7.74997,0.01667,6.2812,1.68304,-1,1,0,0,1,1140,1509.436,1,1,4032.899,0,-0,1,0,-25.59974,-15.56879,-51.36905,-12.83061,1.45674,1.85396,1.45674,1.85396,-0.72273,-0.72273,-0.01955,-0.01955,0.34629,-2.20746,0.30275,0.28917,0.54711,-210.306,6.7589,7.9635,103.0619,-542.9452,57.37767,45.73116,0.99331,0.74014,0.99331,0.74014,0.02656,0.27467,0.55301,0.66694,102.3756,-456.5048,57.03879,35.91676,173.4675,-431.3916,75.72247,69.2095,173.4675,-431.3916,75.72247,69.2095,-714.832,-1260.315,75.72247,69.2095,-871.2709,-871.2709,0,0,2016.449,2016.449,0,0,0,0,0,0,0,0,0,0,-45.3481,-6.02095,-51.36905
7.76664,0.01667,6.47716,1.73717,-1,1,0,0,1,1013.333,1378.093,1,1,3921.928,0,-0,1,0,-25.57454,-15.93043,-50.44296,-13.06998,1.50686,1.91377,1.50686,1.91377,-0.73805,-0.73805,-0.01771,-0.01771,0.23497,-2.35427,0.2728,0.26003,0.38099,-286.5144,5.53484,6.67247,69.77489,-537.5768,51.04134,37.8952,0.97998,0.68104,0.97998,0.68104,0.03962,0.33258,0.55901,0.69353,68.38591,-457.4979,50.13049,27.9364,149.9339,-437.5383,71.22364,61.79091,149.9339,-437.5383,71.22364,61.79091,-711.2746,-1241.189,71.22364,61.79091,-846.5186,-846.5186,0,0,1960.964,1960.964,0,0,0,0,0,0,0,0,0,0,-44.9171,-5.52586,-50.44296
7.7833,0.01667,6.6678,1.78991,-1,1,0,0,1,900,1250.651,1,1,3854.761,0,-0,1,0,-25.54949,-16.27067,-50.08029,-13.28689,1.55564,1.97156,1.55564,1.97156,-0.7521,-0.7521,-0.01581,-0.01581,0.11674,-2.50238,0.24227,0.23048,0.14074,-376.4887,4.42174,5.42376,34.37268,-525.937,44.45596,30.67299,0.96078,0.62133,0.96078,0.62133,0.05843,0.39109,0.56765,0.7204,33.03019,-469.3457,42.88593,21.11191,123.5803,-444.4044,66.21874,54.43161,123.5803,-444.4044,66.21874,54.43161,-719.7654,-1232.208,66.21874,54.43161,-831.2611,-831.2611,0,0,1927.381,1927.381,0,0,0,0,0,0,0,0,0,0,-45.06808,-5.01221,-50.08029
7.79997,0.01667,6.8577,1.84242,-1,1,0,0,1,900,1148.209,1,1,3854.761,0,-0,1,0,-25.52414,-16.60699,-50.56345,-13.49696,1.60387,2.0285,1.60387,2.0285,-0.76571,-0.76571,-0.01399,-0.01399,-0.00173,-2.64768,0.21322,0.20246,-0.00004,-480.0365,3.48231,4.32566,0,-506.6476,38.14179,24.34244,0.93626,0.56083,0.93626,0.56083,0.08246,0.45038,0.57868,0.74763,-0.00004,-494.9609,35.93274,15.55173,95.39719,-455.0047,60.82664,47.3533,95.39719,-455.0047,60.82664,47.3533,-744.4047,-1241.09,60.82664,47.3533,-830.4915,-830.4916,0,0,1927.381,1927.381,0,0,0,0,0,0,0,0,0,0,-46.06931,-4.49415,-50.56345
7.81664,0.01667,7.04711,1.89472,-1,1,0,0,1,900,1070.767,1,1,3854.761,0,-0,1,0,-25.49822,-16.9426,-51.17649,-13.70959,1.65194,2.08525,1.65194,2.08525,-0.7794,-0.7794,-0.01233,-0.01233,-0.11593,-2.78722,0.1869,0.17713,-0.26743,-596.1423,2.72919,3.4187,-32.94921,-479.2555,32.4012,18.99961,0.90685,0.49973,0.90685,0.49973,0.11129,0.51026,0.59192,0.77512,-29.90479,-537.7303,29.63715,11.20496,66.60162,-472.3891,55.23332,40.73608,66.60162,-472.3891,55.23332,40.73608,-769.59,-1256.082,55.23332,40.73608,-829.7046,-829.7046,0,0,1927.381,1927.381,0,0,0,0,0,0,0,0,0,0,-47.18961,-3.98688,-51.17649
7.8333,0.01667,7.23592,1.94677,-1,1,0,0,1,900,1018.325,1,1,3854.761,0,-0,1,0,-25.47175,-17.27986,-51.93406,-13.92729,1.69979,2.14177,1.69979,2.14177,-0.7933,-0.7933,-0.01086,-0.01086,-0.22356,-2.91927,0.16369,0.15484,-1.28619,-722.6432,2.14123,2.69458,-61.83265,-444.4228,27.34766,14.6133,0.87313,0.43887,0.87313,0.43887,0.14433,0.56991,0.60709,0.80251,-54.15112,-600.5409,24.14972,7.92534,38.60387,-499.6294,49.62255,34.70075,38.60387,-499.6294,49.62255,34.70075,-794.0496,-1279.965,49.62255,34.70075,-828.901,-828.9009,0,0,1927.381,1927.381,0,0,0,0,0,0,0,0,0,0,-48.43099,-3.50307,-51.93406
7.84997,0.01667,7.176,1.93485,-1,0,0,0,1,900.9948,975.8828,0.47784,0,0,-613.2575,-0,1,0,-25.46261,-16.81346,-4.06191,-13.75079,1.72079,2.16101,1.72079,2.16101,-0.78557,-0.78557,-0.00627,-0.00627,-0.45912,-3.12286,0.09424,0.08914,-5.94657,-840.932,0.71828,0.90216,-125.6447,-454.3669,15.40902,7.98614,0.85706,0.41831,0.85706,0.41831,0.16008,0.59006,0.61432,0.81176,-108.5347,-679.229,13.30908,3.86544,7.93295,-538.753,43.54497,29.1486,7.93295,-538.753,43.54497,29.1486,138.9888,-354.5953,43.54497,29.1486,131.8264,131.8264,0,0,-306.6288,-306.6288,0,0,0,0,0,0,0,0,0,0,-1.04198,-3.01993,-4.06191
7.86664,0.01667,7.11593,1.92219,-1,0,0,0,1,900,943.4404,0.47324,0,0,-613.2575,-0,1,0,-25.47113,-16.38482,-5.59141,-13.21733,1.7143,2.14294,1.7143,2.14294,-0.75809,-0.75809,0.00072,0.00072,-0.79504,-3.37737,-0.01076,-0.0102,-17.04519,-933.3906,-0.00932,-0.01157,-221.1939,-514.7178,0,0,0.8621,0.43762,0.8621,0.43762,0.15514,0.57113,0.61206,0.80307,-193.0414,-750.1716,-0.00932,-0.01157,-36.1249,-586.1738,35.84979,23.80333,-36.1249,-586.1738,35.84979,23.80333,99.25397,-397.3314,35.84979,23.80333,131.8676,131.8676,0,0,-306.6288,-306.6288,0,0,0,0,0,0,0,0,0,0,-3.11323,-2.47819,-5.59141
7.8833,0.01667,7.05538,1.90872,-1,0,0,0,1,900,920.998,0.46835,0,0,-613.2575,-0,1,0,-25.47964,-15.99835,-7.40785,-12.7459,1.70651,2.12461,1.70651,2.12461,-0.73367,-0.73367,0.00648,0.00648,-1.0814,-3.59193,-0.09763,-0.09263,-30.22023,-1007.838,-0.74406,-0.91483,-308.1171,-575.3029,-15.71036,-8.66678,0.86806,0.4573,0.86806,0.4573,0.1493,0.55185,0.60937,0.79422,-271.4525,-810.0402,-13.73577,-4.45979,-88.86511,-637.256,27.04124,18.67175,-88.86511,-637.256,27.04124,18.67175,51.68677,-443.3667,27.04124,18.67175,131.9087,131.9087,0,0,-306.6288,-306.6288,0,0,0,0,0,0,0,0,0,0,-5.50878,-1.89907,-7.40785
7.89997,0.01667,6.99409,1.8944,-1,0,0,0,1,900,910.8234,0.46315,0,0,-613.2575,-0,1,0,-25.48816,-15.65574,-9.37334,-12.33926,1.69732,2.10601,1.69732,2.10601,-0.71244,-0.71244,0.01104,0.01104,-1.316,-3.7647,-0.16648,-0.15819,-42.87006,-1061.394,-2.09941,-2.53952,-385.8484,-634.6002,-26.45223,-14.91861,0.87497,0.47734,0.87497,0.47734,0.14253,0.53221,0.60627,0.7852,-342.9646,-857.6689,-23.40731,-8.44854,-146.5635,-688.2048,17.9564,13.74499,-146.5635,-688.2048,17.9564,13.74499,-0.34918,-489.2748,17.9564,13.74499,131.9499,131.9499,0,0,-306.6288,-306.6288,0,0,0,0,0,0,0,0,0,0,-8.05636,-1.31698,-9.37334
7.91664,0.01667,6.9326,1.87951,-0.95784,0,0,0,1,900,910.4961,0.45768,0,0,-613.2575,-0,1,0,-25.01393,-15.35159,-10.89369,-11.99498,1.68684,2.08721,1.68684,2.08721,-0.69427,-0.69427,0.0145,0.0145,-1.26948,-3.63434,-0.21882,-0.20818,-38.85965,-980.092,-3.51683,-4.17801,-384.3041,-647.7187,-34.31146,-19.70409,0.88266,0.49761,0.88266,0.49761,0.13499,0.51234,0.6028,0.77607,-343.7706,-814.6988,-30.6981,-11.90399,-190.9973,-716.905,9.10845,9.06888,-190.9973,-716.905,9.10845,9.06888,-43.42818,-520.0084,9.10845,9.06888,129.6545,129.6545,0,0,-306.6288,-306.6288,0,0,0,0,0,0,0,0,0,0,-10.13854,-0.75515,-10.89369
7.9333,0.01667,6.87457,1.86546,-0.21749,0,0,0,1,900,909.9645,0.45216,0,0,-613.2575,-0,1,0,-20.49012,-15.0523,-9.59243,-11.69376,1.67584,2.06865,1.67584,2.06865,-0.6782,-0.6782,0.01717,0.01717,0.73567,-1.27857,-0.25948,-0.24714,10.38907,-236.2528,-4.80124,-5.60182,230.1852,-247.0406,-40.1722,-23.43964,0.89053,0.51764,0.89053,0.51764,0.12729,0.49271,0.59926,0.76706,206.1231,-241.837,-36.29998,-14.83541,-128.7434,-633.0419,0.81056,4.70219,-128.7434,-633.0419,0.81056,4.70219,-13.26403,-485.6568,0.81056,4.70219,107.3341,107.3341,0,0,-306.6288,-306.6288,0,0,0,0,0,0,0,0,0,0,-9.36342,-0.22902,-9.59243
7.94997,0.01667,6.82092,1.85314,0,0,0,0,1,900,909.3154,0.44725,0,0,-613.2575,-0,1,0,-17.63358,-14.67785,-3.59852,-11.36057,1.66694,2.05123,1.66694,2.05123,-0.66036,-0.66036,0.01994,0.01994,1.88116,0.11481,-0.30167,-0.28768,75.73342,1.28344,-6.31829,-7.24764,599.5803,23.2786,-46.1185,-27.32859,0.89673,0.53641,0.89673,0.53641,0.12121,0.47432,0.59647,0.75862,545.4821,13.08184,-42.00829,-18.01924,14.46429,-487.1555,-6.9811,0.57701,14.46429,-487.1555,-6.9811,0.57701,106.6713,-371.3791,-6.9811,0.57701,92.8866,92.8866,0,0,-306.6288,-306.6288,0,0,0,0,0,0,0,0,0,0,-3.86457,0.26605,-3.59852
7.96663,0.01667,6.77046,1.84245,0,0,0,0,1,900,908.6089,0.44296,0,0,-613.2575,-0,1,0,-14.23583,-14.1885,4.63484,-10.9384,1.66098,2.03423,1.66098,2.03423,-0.63763,-0.63763,0.02313,0.02313,3.17026,1.70303,-0.35025,-0.33451,185.8857,240.706,-8.32721,-9.39988,1015.106,356.2762,-52.92922,-31.91973,0.9008,0.55469,0.9008,0.55469,0.11721,0.45641,0.59464,0.75039,932.8491,304.8111,-48.50478,-21.89132,215.8951,-313.799,-14.489,-3.46611,215.8951,-313.799,-14.489,-3.46611,284.6696,-228.7586,-14.489,-3.46611,75.40419,75.40417,0,0,-306.6288,-306.6288,0,0,0,0,0,0,0,0,0,0,3.88892,0.74591,4.63484
7.9833,0.01667,6.72146,1.83305,0,0,0,0,1,900,907.8863,0.43924,0,0,-613.2575,-0,1,0,-10.83604,-13.54949,15.09999,-10.39079,1.65824,2.01702,1.65824,2.01702,-0.6081,-0.6081,0.02704,0.02704,4.31617,3.15714,-0.40949,-0.39184,301.0348,691.5316,-11.18318,-12.4233,1374.585,671.6858,-61.29237,-37.7244,0.90265,0.57313,0.90265,0.57313,0.1154,0.43833,0.59381,0.74209,1270.078,680.1573,-56.41434,-26.92414,453.3807,-94.11918,-22.0013,-7.63719,453.3807,-94.11918,-22.0013,-7.63719,502.9425,-34.79501,-22.0013,-7.63719,57.64594,57.64595,0,0,-306.6288,-306.6288,0,0,0,0,0,0,0,0,0,0,13.86871,1.23128,15.09999
7.99997,0.01667,6.67165,1.82427,0,0,0,0,1,900,907.175,0.4359,0,0,-613.2575,-0,1,0,-7.43444,-12.73953,26.87744,-9.68571,1.65858,1.99869,1.65858,1.99869,-0.57015,-0.57015,0.03192,0.03192,5.2972,4.44726,-0.48349,-0.46375,403.5835,1131.717,-15.39359,-16.80495,1667.421,954.1958,-71.87448,-45.28598,0.90242,0.59267,0.90242,0.59267,0.11563,0.41919,0.59391,0.7333,1544.096,1026.506,-66.3631,-33.6847,703.3734,159.0373,-29.87569,-12.21241,703.3734,159.0373,-29.87569,-12.21241,737.1357,197.3756,-29.87569,-12.21241,39.67517,39.67519,0,0,-306.6288,-306.6288,0,0,0,0,0,0,0,0,0,0,25.12897,1.74848,26.87744
8.01663,0.01667,6.6188,1.8152,0,0,0,0,1,900,906.4926,0.43262,0,0,-613.2575,-0,1,0,-4.03111,-11.75579,38.87145,-8.80986,1.66137,1.97829,1.66137,1.97829,-0.52317,-0.52317,0.03786,0.03786,6.10999,5.55823,-0.5732,-0.55142,488.3955,1445.636,-21.46381,-22.9569,1895.516,1199.538,-84.9056,-54.90999,0.90054,0.61425,0.90054,0.61425,0.11747,0.39803,0.59476,0.72359,1755.56,1294.469,-78.59551,-42.58421,947.4623,420.5167,-38.46768,-17.50239,947.4623,420.5167,-38.46768,-17.50239,966.6737,441.0318,-38.46768,-17.50239,21.55542,21.55542,0,0,-306.6288,-306.6288,0,0,0,0,0,0,0,0,0,0,36.54627,2.32518,38.87145
8.0333,0.01667,6.56104,1.80493,0,0,0,0,1,900,905.8497,0.42907,0,0,-613.2575,-0,1,0,-0.62598,-10.61179,50.15826,-7.77048,1.66559,1.95496,1.66559,1.95496,-0.46758,-0.46758,0.04468,0.04468,6.76865,6.49055,-0.67612,-0.65269,556.2239,1604.358,-29.74576,-31.03936,2069.168,1411.274,-100.1437,-66.5993,0.89766,0.63869,0.89766,0.63869,0.12029,0.37408,0.59605,0.71259,1914.332,1481.036,-92.93907,-53.75126,1173.653,668.2396,-48.05108,-23.79689,1173.653,668.2396,-48.05108,-23.79689,1176.933,671.5497,-48.05108,-23.79689,3.34998,3.34998,0,0,-306.6288,-306.6288,0,0,0,0,0,0,0,0,0,0,47.17345,2.9848,50.15826
8.04997,0.01667,6.50136,1.79377,0,0,0,0,1,900,905.2521,0.42502,0,0,-613.2575,-0,1,0,0,-9.34237,59.08028,-6.5938,1.67037,1.92838,1.67037,1.92838,-0.40476,-0.40476,0.052,0.052,6.09891,5.91203,-0.78638,-0.76212,518.9415,1345.207,-40.21148,-40.74921,1904.684,1353.707,-116.8471,-79.95529,0.89436,0.66615,0.89436,0.66615,0.12353,0.34717,0.59754,0.70023,1758.295,1350.869,-108.7513,-66.86636,1328.328,844.9426,-58.7548,-31.29712,1328.328,844.9426,-58.7548,-31.29712,1328.328,844.9426,-58.7548,-31.29712,0,0,0,0,-306.6288,-306.6288,0,0,0,0,0,0,0,0,0,0,55.33923,3.74105,59.08028
8.06663,0.01667,6.44422,1.78241,0,0,0,0,1,900,904.7022,0.42084,0,0,-613.2575,-0,1,0,0,-8.02004,63.50371,-5.34793,1.67596,1.90026,1.67596,1.90026,-0.33811,-0.33811,0.05895,0.05895,5.09708,4.96119,-0.89094,-0.86707,434.1514,990.4424,-51.76688,-50.75844,1635.198,1203.433,-133.0886,-93.50769,0.89044,0.69467,0.89044,0.69467,0.12737,0.31922,0.5993,0.6874,1503.613,1138.401,-124.1791,-80.455,1385.62,928.2916,-70.38515,-39.93994,1385.62,928.2916,-70.38515,-39.93994,1385.62,928.2916,-70.38515,-39.93994,0,0,0,0,-306.6288,-306.6288,0,0,0,0,0,0,0,0,0,0,58.92045,4.58327,63.50371
8.0833,0.01667,6.39064,1.7709,0,0,0,0,1,900,904.2002,0.4166,0,0,-613.2575,-0,1,0,0,-6.71353,64.10292,-4.1151,1.6816,1.87174,1.6816,1.87174,-0.27181,-0.27181,0.0648,0.0648,4.09871,4.00604,-0.97875,-0.95656,330.5471,660.675,-62.85839,-59.5396,1345.105,1022.129,-147.2246,-105.8617,0.88644,0.72291,0.88644,0.72291,0.13129,0.29155,0.6011,0.67469,1229.891,921.9741,-137.6439,-93.02634,1363.426,938.9084,-82.46319,-49.38182,1363.426,938.9084,-82.46319,-49.38182,1363.426,938.9084,-82.46319,-49.38182,0,0,0,0,-306.6288,-306.6288,0,0,0,0,0,0,0,0,0,0,58.62564,5.47727,64.10292
8.09997,0.01667,6.34071,1.75927,0,0,0,0,1,900,903.7447,0.41232,0,0,-613.2575,-0,1,0,0,-5.47419,61.79141,-2.95953,1.68653,1.84366,1.68653,1.84366,-0.2091,-0.2091,0.06905,0.06905,3.15352,3.09462,-1.04236,-1.02285,224.8312,394.213,-71.89616,-65.85312,1053.49,823.3475,-158.037,-115.9565,0.88289,0.74997,0.88289,0.74997,0.13477,0.26503,0.6027,0.66251,956.4419,716.0516,-147.9486,-103.4292,1280.016,896.2576,-94.36003,-59.11168,1280.016,896.2576,-94.36003,-59.11168,1280.016,896.2576,-94.36003,-59.11168,0,0,0,0,-306.6288,-306.6288,0,0,0,0,0,0,0,0,0,0,55.41569,6.37572,61.79141
8.11663,0.01667,6.29392,1.74756,0,0,0,0,1,900,903.3334,0.408,0,0,-613.2575,-0,1,0,0,-4.33751,57.4132,-1.92627,1.69025,1.8166,1.69025,1.8166,-0.15226,-0.15226,0.07141,0.07141,2.2964,2.26194,-1.07741,-1.06123,133.3641,206.3054,-77.38364,-68.99158,777.585,622.5038,-164.3082,-123.1578,0.88018,0.77524,0.88018,0.77524,0.13742,0.24026,0.60392,0.65114,700.3944,528.9602,-153.8929,-110.9836,1153.557,817.4456,-105.3354,-68.56583,1153.557,817.4456,-105.3354,-68.56583,1153.557,817.4456,-105.3354,-68.56583,0,0,0,0,-306.6288,-306.6288,0,0,0,0,0,0,0,0,0,0,50.18877,7.22443,57.4132
8.1333,0.01667,6.24946,1.73581,0,0,0,0,1,900,902.9634,0.40367,0,0,-613.2575,-0,1,0,0,-3.3253,51.70091,-1.04262,1.69242,1.79096,1.69242,1.79096,-0.10269,-0.10269,0.07176,0.07176,1.54883,1.53073,-1.0824,-1.06975,66.05024,90.71098,-78.88578,-68.74844,529.654,431.5432,-166.342,-127.1161,0.87859,0.79838,0.87859,0.79838,0.13898,0.21759,0.60463,0.64073,473.3683,362.823,-155.724,-115.3478,1000.951,716.2081,-114.7818,-77.20869,1000.951,716.2081,-114.7818,-77.20869,1000.951,716.2081,-114.7818,-77.20869,0,0,0,0,-306.6288,-306.6288,0,0,0,0,0,0,0,0,0,0,43.72499,7.97591,51.70091
8.14997,0.01667,5.92814,1.64671,0,0,0.35126,0,1,900,902.6317,0.38514,0,0,-613.2575,-4917.628,1,0,0,-2.44677,45.42297,-0.32135,1.6542,1.72832,1.6542,1.72832,-0.06108,-0.06108,0.07014,0.07014,0.92551,0.9175,-1.06267,-1.05347,20.23915,26.02074,-75.08021,-64.1407,326.9837,273.1192,-168.5042,-132.1402,0.90535,0.85111,0.90535,0.85111,0.11275,0.16591,0.59259,0.617,297.9514,236.3298,-159.662,-122.0161,838.8842,605.7361,-122.8021,-85.12062,838.8842,605.7361,-122.8021,-85.12062,838.8842,605.7361,-122.8021,-85.12062,0,0,0,0,-2322.856,-2322.856,-442.5866,-442.5866,0,0,0,0,0,0,0,0,36.78518,8.63779,45.42297
8.16663,0.01667,5.60471,1.55678,0,0,0.35495,0,1,900,902.3351,0.35263,0,0,-613.2575,-4969.343,1,0,0,-1.69809,39.19414,0.2386,1.57518,1.6283,1.57518,1.6283,-0.02741,-0.02741,0.06663,0.06663,0.41904,0.41652,-1.01868,-1.01256,2.60347,3.25536,-66.48053,-55.65067,155.4734,133.37,-167.3534,-134.1793,0.95148,0.9219,0.95148,0.9219,0.06755,0.09654,0.57183,0.58514,148.0565,123.2084,-162.4593,-128.0464,679.7552,495.2297,-130.2407,-93.01633,679.7552,495.2297,-130.2407,-93.01633,679.7552,495.2297,-130.2407,-93.01633,0,0,0,0,-2344.059,-2344.059,-447.2409,-447.2409,0,0,0,0,0,0,0,0,29.91931,9.27483,39.19414
8.1833,0.01667,5.27687,1.46553,0,0,0.36095,0,1,900,902.0704,0.32033,0,0,-613.2575,-5053.256,1,0,0,-1.07661,32.85712,0.64593,1.49344,1.52887,1.49344,1.52887,-0.00129,-0.00129,0.06143,0.06143,0.01984,0.01976,-0.94775,-0.94409,0.00319,0.00375,-55.20936,-45.69508,7.63217,6.68742,-156.2124,-127.3915,0.98421,0.97205,0.98421,0.97205,0.03547,0.04739,0.55711,0.56258,7.5117,6.50061,-154.6175,-125.1081,524.403,383.2179,-135.3133,-99.28217,524.403,383.2179,-135.3133,-99.28217,524.403,383.2179,-135.3133,-99.28217,0,0,0,0,-2378.464,-2378.464,-454.7931,-454.7931,0,0,0,0,0,0,0,0,23.11126,9.74586,32.85712
8.19997,0.01667,4.94274,1.37255,0,0,0.36911,0,1,900,901.8345,0.28826,0,0,-608.0886,-5167.492,1,0,0,-0.57978,26.4684,0.91099,1.40852,1.42952,1.40852,1.42952,0.01768,0.01768,0.05485,0.05485,-0.2752,-0.27459,-0.85384,-0.85197,-0.35359,-0.34124,-43.11144,-35.70858,-108.0638,-96.05499,-136.8423,-113.4412,0.99947,0.99762,0.99947,0.99762,0.02052,0.02233,0.55024,0.55107,-108.0069,-95.82727,-136.7928,-113.2563,377.0748,272.4559,-136.4774,-102.5272,377.0748,272.4559,-136.4774,-102.5272,377.0748,272.4559,-136.4774,-102.5272,0,0,0,0,-2422.716,-2422.716,-465.0743,-465.0743,0,0,0,0,0,0,0,0,16.53937,9.92903,26.4684
8.21663,0.01667,4.60115,1.27755,0,0,0.37931,0,1,900,901.6248,0.25649,0,0,-590.1647,-5310.335,1,0,0,-0.20138,20.30303,1.04869,1.32014,1.32986,1.32014,1.32986,0.03007,0.03007,0.04728,0.04728,-0.47236,-0.47191,-0.74269,-0.74198,-1.00746,-0.90285,-31.35164,-26.34794,-186.4983,-167.1352,-113.237,-95.1634,1,1,1,1,0.01985,0.01989,0.54597,0.547,-186.4983,-167.1352,-113.237,-95.1634,244.3016,169.4011,-133.1708,-101.974,244.3016,169.4011,-133.1708,-101.974,244.3016,169.4011,-133.1708,-101.974,0,0,0,0,-2472.32,-2472.32,-477.9302,-477.9302,0,0,0,0,0,0,0,0,10.53434,9.76868,20.30303
8.2333,0.01667,4.25121,1.18031,0,0,0.39142,0,1,900,901.4384,0.22515,0,0,-560.3895,-5479.845,1,0,0,0.06991,14.67668,1.07931,1.22818,1.22955,1.22818,1.22955,0.03675,0.03675,0.03919,0.03919,-0.58252,-0.58244,-0.62108,-0.621,-1.49114,-1.34925,-20.52956,-17.57505,-230.7037,-208.671,-89.69842,-76.76048,1,1,1,1,0.01925,0.01926,0.52937,0.52971,-230.7037,-208.671,-89.69842,-76.76048,131.1394,79.66058,-126.0335,-98.04517,131.1394,79.66058,-126.0335,-98.04517,131.1394,79.66058,-126.0335,-98.04517,0,0,0,0,-2526.931,-2526.931,-493.186,-493.186,0,0,0,0,0,0,0,0,5.36772,9.30896,14.67668
8.24997,0.01667,3.89215,1.08062,0,0,0.4053,0,1,900,901.2729,0.19444,0,0,-519.8973,-5674.194,1,0,0,0.24911,9.81017,1.02576,1.13257,1.12818,1.13257,1.12818,0.03876,0.03876,0.03099,0.03099,-0.61973,-0.61997,-0.49547,-0.49566,-1.6059,-1.46582,-11.91548,-10.41796,-245.6099,-224.7282,-67.71416,-59.34711,1,1,1,1,0.0182,0.01814,0.50039,0.49881,-245.6099,-224.7282,-67.71416,-59.34711,40.23269,6.41334,-116.0227,-91.52952,40.23269,6.41334,-116.0227,-91.52952,40.23269,6.41334,-116.0227,-91.52952,0,0,0,0,-2586.368,-2586.368,-510.6775,-510.6775,0,0,0,0,0,0,0,0,1.18777,8.6224,9.81017
8.26663,0.01667,3.52329,0.97825,0,0,0.42084,0,1,900,901.1261,0.16458,0,0,-470.0101,-5891.693,1,0,0,0.35322,5.82298,0.91135,1.03333,1.02533,1.03333,1.02533,0.03719,0.03719,0.02304,0.02304,-0.59965,-0.60004,-0.3715,-0.37174,-1.39334,-1.28315,-5.94461,-5.32356,-237.2369,-219.9407,-48.10092,-43.36395,1,1,1,1,0.01673,0.01659,0.45994,0.4563,-237.2369,-219.9407,-48.10092,-43.36395,-27.81847,-49.01405,-104.094,-83.16628,-27.81847,-49.01405,-104.094,-83.16628,-27.81847,-49.01405,-104.094,-83.16628,0,0,0,0,-2650.599,-2650.599,-530.2524,-530.2524,0,0,0,0,0,0,0,0,-1.95643,7.77941,5.82298
8.2833,0.01667,3.14407,0.87304,0,0,0.43787,0,1,900,900.996,0.13584,0,0,-412.3024,-6130.23,1,0,0,0.3995,2.74411,0.75813,0.93046,0.92058,0.93046,0.92058,0.03311,0.03311,0.01562,0.01562,-0.5382,-0.5386,-0.25389,-0.25408,-1.00793,-0.93702,-2.39001,-2.19657,-212.1123,-199.4487,-31.22685,-29.02782,1,1,1,1,0.01489,0.0147,0.4094,0.40419,-212.1123,-199.4487,-31.22685,-29.02782,-74.12404,-86.84029,-91.1111,-73.60469,-74.12404,-86.84029,-91.1111,-73.60469,-74.12404,-86.84029,-91.1111,-73.60469,0,0,0,0,-2719.545,-2719.545,-551.7207,-551.7207,0,0,0,0,0,0,0,0,-4.09873,6.84283,2.74411
8.29997,0.01667,2.75423,0.76487,0,0,0.45629,0,1,900,900.8807,0.10855,0,0,-348.7031,-6388.106,1,0,0,0.40427,0.52903,0.58576,0.82405,0.81356,0.82405,0.81356,0.02751,0.02751,0.00893,0.00893,-0.45046,-0.45077,-0.14631,-0.14642,-0.61017,-0.57292,-0.65908,-0.62195,-176.5856,-168.473,-17.15802,-16.45214,1,1,1,1,0.01275,0.01253,0.35071,0.34468,-176.5856,-168.473,-17.15802,-16.45214,-101.0838,-108.499,-77.79942,-63.39685,-101.0838,-108.499,-77.79942,-63.39685,-101.0838,-108.499,-77.79942,-63.39685,0,0,0,0,-2793.475,-2793.475,-574.9296,-574.9296,0,0,0,0,0,0,0,0,-5.33672,5.86576,0.52903
8.31663,0.01667,2.35346,0.65364,0,0,0.47595,0,1,900,900.7787,0.08313,0,0,-281.5619,-6663.343,1,0,0,0.38191,-0.91987,0.41067,0.71419,0.70397,0.71419,0.70397,0.02121,0.02121,0.00312,0.00312,-0.3498,-0.35002,-0.05142,-0.05145,-0.30294,-0.28733,-0.06462,-0.06252,-136.2796,-131.8993,-5.77436,-5.70241,1,1,1,1,0.01041,0.01019,0.28639,0.28033,-136.2796,-131.8993,-5.77436,-5.70241,-111.9266,-116.2852,-64.73269,-53.00517,-111.9266,-116.2852,-64.73269,-53.00517,-111.9266,-116.2852,-64.73269,-53.00517,0,0,0,0,-2872.751,-2872.751,-599.7009,-599.7009,0,0,0,0,0,0,0,0,-5.81109,4.89122,-0.91987
8.3333,0.01667,1.94129,0.53922,0,0,0.49673,0,1,900,900.6884,0.06003,0,0,-213.6614,-6954.225,1,0,0,0.3442,-1.73991,0.24569,0.60096,0.59155,0.60096,0.59155,0.01491,0.01491,-0.00175,-0.00175,-0.24737,-0.24749,0.02908,0.02909,-0.11697,-0.11202,0.01536,0.0152,-95.75387,-93.95517,3.14271,3.18652,1,1,1,1,0.00798,0.00778,0.21952,0.21405,-95.75387,-93.95517,3.14271,3.18652,-110.267,-113.0036,-52.2481,-42.72176,-110.267,-113.0036,-52.2481,-42.72176,-110.267,-113.0036,-52.2481,-42.72176,0,0,0,0,-2958.063,-2958.063,-625.8802,-625.8802,0,0,0,0,0,0,0,0,-5.68527,3.94536,-1.73991
8.34997,0.01667,1.51703,0.4214,0,0,0.51851,0,1,900,900.6085,0.03976,0,0,-148.2722,-7259.113,1,0,0,0.30051,-2.05759,0.09988,0.4843,0.47596,0.4843,0.47596,0.00909,0.00909,-0.00566,-0.00566,-0.1517,-0.15175,0.09443,0.09446,-0.03101,-0.02993,0.10978,0.11057,-58.36565,-57.99812,9.87158,10.23379,1,1,1,1,0.00559,0.00543,0.15377,0.1493,-58.36565,-57.99812,9.87158,10.23379,-99.72625,-101.6443,-40.84284,-33.05665,-99.72625,-101.6443,-40.84284,-33.05665,-99.72625,-101.6443,-40.84284,-33.05665,0,0,0,0,-3050.373,-3050.373,-653.3203,-653.3203,0,0,0,0,0,0,0,0,-5.12761,3.07003,-2.05759
8.36663,0.01667,1.07977,0.29993,0,0,0.54114,0,1,900,900.5378,0.0229,0,0,-89.24034,-7575.901,1,0,0,0.25742,-2.02334,-0.0212,0.3641,0.3569,0.3641,0.3569,0.0041,0.0041,-0.00864,-0.00864,-0.06871,-0.06873,0.14473,0.14477,-0.00388,-0.00377,0.15237,0.15516,-26.30153,-26.43209,14.70885,15.51567,1,1,1,1,0.0034,0.00328,0.09344,0.09016,-26.30153,-26.43209,14.70885,15.51567,-83.64176,-85.10924,-30.59168,-24.13825,-83.64176,-85.10924,-30.59168,-24.13825,-83.64176,-85.10924,-30.59168,-24.13825,0,0,0,0,-3150.74,-3150.74,-681.8311,-681.8311,0,0,0,0,0,0,0,0,-4.297,2.27366,-2.02334
